bill,aipac_filings,total_clients_on_bill
HR5148,4,1
S1518,4,1
HR9713,2,1
SRES773,2,1
S5058,2,1
S4551,2,1
HRES1359,2,1
HR10353,1,1
HRES492,1,1
S5562,1,1
HRES558,1,1
HR8232,1,1
HR8345,1,1
HRES1323,1,1
S2240,6,2
S221,4,2
HR3685,4,2
S1904,4,2
S4285,3,2
S4093,2,2
HRES935,2,2
S4537,2,2
HRES883,1,2
HR4230,1,2
HRES988,1,2
HR2659,1,2
SCONRES47,1,2
HCONRES110,1,2
SRES377,1,2
S1193,1,2
HRES1123,1,2
HR5302,1,2
HR7914,1,2
HRES1068,1,2
SRES212,1,2
SRES101,1,2
S3041,3,3
HR2280,3,3
S4482,3,3
S4746,2,3
HR5344,2,3
SRES188,2,3
HRES311,2,3
SRES462,2,3
S4484,2,3
HR8190,2,3
HR8868,2,3
HRES888,1,3
HR6603,1,3
HRES288,1,3
HRES1160,1,3
SRES299,1,3
SJRES137,1,3
SRES417,1,3
HR819,1,3
HRES1397,1,3
SRES803,1,3
HRES599,1,3
HR5945,1,3
S1143,5,4
S2336,4,4
HR852,4,4
S3421,4,4
HR8001,3,4
S3912,3,4
SCONRES2,3,4
HR4397,2,4
SJRES51,2,4
HR9374,2,4
HR5826,2,4
S3874,2,4
HJRES71,1,4
S3900,1,4
HJRES70,1,4
HR7622,1,4
SJRES136,1,4
HJRES68,1,4
SRES227,1,4
SJRES40,1,4
HR5039,1,4
HRES1099,1,4
HJRES86,1,4
SJRES138,1,4
HRES793,1,4
S3209,1,4
HR4291,1,4
S2413,6,5
HRES786,5,5
HR2973,4,5
HR3103,4,5
SRES505,4,5
HR1800,4,5
S1647,3,5
HRES559,3,5
HR3016,3,5
HR2374,3,5
HR5917,3,5
HR5923,2,5
HR6245,2,5
SRES408,2,5
HCONRES7,1,5
HRES966,1,5
S2087,1,5
HR2619,1,5
HR4691,1,5
HR1809,1,5
HJRES84,1,5
S3451,1,5
HRES1143,1,5
HJRES83,1,5
SRES72,1,5
S1061,1,5
HR7217,1,5
S5388,1,5
HR3792,7,6
S556,5,6
S554,5,6
S2626,4,6
S2120,4,6
S3347,4,6
SJRES112,2,6
S4653,2,6
SJRES114,2,6
HR5323,1,6
S2667,1,6
HR8369,1,6
SJRES27,1,6
SJRES21,1,6
S3855,1,6
HR7540,1,6
HRES771,1,6
HR7330,1,6
HR7256,1,6
SJRES35,1,6
HR4076,7,7
HR3033,7,7
HR7866,4,7
HR867,3,7
S4366,3,7
HR9649,2,7
HR3045,1,7
HJRES85,1,7
HR5947,1,7
HR1422,5,8
HR7223,4,8
SJRES33,2,8
SRES504,2,8
HR6015,2,8
S4127,2,8
HRES798,1,8
SJRES19,1,8
S842,1,8
S2119,1,8
SJRES42,1,8
S2830,1,8
HR6322,1,8
HR6365,1,8
HR6230,1,8
HR7645,1,8
S3707,1,8
HR6089,4,9
HR7987,3,9
S4389,3,9
HR6323,2,9
SJRES116,2,9
HR5921,2,9
SJRES26,2,9
SJRES113,2,9
HRES1102,1,9
HR8038,1,9
HJRES49,1,9
S1637,1,9
HJRES69,1,9
HR3266,3,10
HR8437,3,10
SJRES115,2,10
SJRES34,2,10
HR6679,1,10
HR5961,1,10
SJRES59,1,10
HR3907,7,11
HR340,4,11
HR5692,2,11
SJRES111,2,11
SJRES20,1,11
SJRES23,1,11
S1390,7,12
S1802,4,12
S1889,4,12
HR3774,4,12
HR4473,3,12
HR2590,2,12
S4554,2,12
SJRES70,1,12
HCONRES38,1,12
HR2454,5,13
HR1218,4,13
SJRES41,2,13
HR2748,1,13
HR8034,1,13
HR1229,5,14
S510,4,14
S1981,3,14
HR6126,1,14
S1334,4,15
HR4891,2,15
HR4681,2,15
SJRES22,1,15
HR6408,1,15
HR3099,2,16
S1651,1,18
HR6046,3,19
HR589,1,19
SJRES25,1,21
HR6090,3,22
HR2531,3,22
S3362,1,22
S3197,4,23
SJRES32,1,23
HR6201,4,24
HR23,3,26
HR1777,5,27
S1829,4,32
HR5300,1,32
HJRES75,1,33
S1521,1,34
S558,1,35
HR3152,2,36
S4662,2,38
HR7147,1,42
HR3565,3,44
HR1048,1,45
S3290,2,49
HR9495,1,54
HR5933,1,56
HR6617,1,57
HR5525,1,62
HR4779,3,63
HR1848,1,71
S4797,2,73
HR9494,1,73
HR815,3,74
HR8282,3,75
HR2741,1,82
S2438,3,87
HR5166,3,88
HR4665,3,96
S4928,2,98
HR8771,3,99
S4678,2,103
S4661,2,109
HR4664,2,115
HR8773,3,150
HR6000,1,150
S2625,3,153
HR5009,1,172
S3293,2,178
HR8257,2,179
HR8239,3,184
S4660,2,184
S2256,3,186
HR6363,2,187
S2131,4,190
HR4367,3,193
S4690,3,195
HR8752,3,209
HR9747,1,209
HR4121,3,212
HR5860,1,214
HR9027,3,223
HR4213,3,227
HR6938,1,237
HR4368,3,238
S4659,2,248
S4927,2,254
HR4553,3,260
S2443,3,264
S2354,3,288
HR4346,2,288
S4796,2,293
HR8997,3,296
HR5342,3,297
S4663,2,306
HR8255,2,308
S4942,2,317
HR4394,3,326
HR9026,3,330
HR3935,1,338
HR5304,3,357
S2624,3,369
HR9029,3,383
HR7148,1,390
HR6833,1,409
HR5371,1,429
HR8295,2,447
HR8236,3,475
S4543,2,487
S4921,2,493
HR2882,1,509
HR4365,3,528
S2572,3,550
HR10545,1,557
S4638,3,587
HR8774,3,599
HR4016,3,628
S2226,1,643
HR8070,3,693
S1260,4,698
HR4521,4,713
HR1968,1,726
S2587,6,751
HR7900,3,768
HR2670,3,818
HR2617,1,1628
